1,https://www.cryptocompare.com/media/12318415/42.png,42,42 Coin
2,https://www.cryptocompare.com/media/27010595/300.png,300,300 Token
3,https://www.cryptocompare.com/media/350985/611.png,611,SixEleven
4,https://www.cryptocompare.com/media/351513/808.png,808,808Coin
5,https://www.cryptocompare.com/media/351639/888.png,888,OctoCoin
6,https://www.cryptocompare.com/media/350976/1337.png,1337,1337
7,https://www.cryptocompare.com/media/20627/nxt.png,nxt,Nxt
8,https://www.cryptocompare.com/media/20329/kobo.png,kobo,Kobocoin
9,https://www.cryptocompare.com/media/20162/xpd.png,xpd,PetroDollar
10,https://www.cryptocompare.com/media/20292/geo.png,geo,GeoCoin
11,https://www.cryptocompare.com/media/20438/spr.png,spr,SpreadCoin
12,https://www.cryptocompare.com/media/19593/ac.png,ac,AsiaCoin
13,https://www.cryptocompare.com/media/19602/arg.png,arg,Argentum
14,https://www.cryptocompare.com/media/20082/ari.png,ari,Aricoin
15,https://www.cryptocompare.com/media/19620/bcx.png,bcx,BitcoinX
16,https://www.cryptocompare.com/media/19621/bet.png,bet,BetaCoin
17,https://www.cryptocompare.com/media/350879/bitb.png,bitb,Bean Cash
18,https://www.cryptocompare.com/media/19624/blu.png,blu,BlueCoin
19,https://www.cryptocompare.com/media/351795/blk.png,blk,BlackCoin
20,https://www.cryptocompare.com/media/19626/bost.png,bost,BoostCoin
21,https://www.cryptocompare.com/media/19802/moon.png,moon,Mooncoin
22,https://www.cryptocompare.com/media/19993/zet.png,zet,Zetacoin
23,https://www.cryptocompare.com/media/19924/sxc.png,sxc,Sexcoin
24,https://www.cryptocompare.com/media/19879/qtl.png,qtl,Quatloo
25,https://www.cryptocompare.com/media/19697/enrg.png,enrg,Energycoin
26,https://www.cryptocompare.com/media/19882/qrk.png,qrk,Quark
27,https://www.cryptocompare.com/media/19888/ric.jpg,ric,Riecoin
28,https://www.cryptocompare.com/media/19676/dgc.png,dgc,Digitalcoin
29,https://www.cryptocompare.com/media/19632/bte.png,bte,BitSerial
30,https://www.cryptocompare.com/media/20084/btm.png,btm,Bitmark
31,https://www.cryptocompare.com/media/19642/cach.png,cach,CacheCoin
32,https://www.cryptocompare.com/media/20015/cann.png,cann,CannabisCoin
33,https://www.cryptocompare.com/media/20016/cash.png,cash,Cash Poker Pro
34,https://www.cryptocompare.com/media/19644/cat.png,cat,BitClave
35,https://www.cryptocompare.com/media/30001996/cbx.png,cbx,Crypto Bullion
36,https://www.cryptocompare.com/media/19643/ccn.png,ccn,CannaCoin
37,https://www.cryptocompare.com/media/20020/clam.png,clam,Clams
38,https://www.cryptocompare.com/media/19994/cloak.png,cloak,CloakCoin
39,https://www.cryptocompare.com/media/19664/crypt.png,crypt,CryptCoin
40,https://www.cryptocompare.com/media/20028/dem.png,dem,Deutsche eMark
41,https://www.cryptocompare.com/media/19680/dmd.png,dmd,Diamond
42,https://www.cryptocompare.com/media/19690/eac.png,eac,EarthCoin
43,https://www.cryptocompare.com/media/19692/efl.png,efl,e-Gulden
44,https://www.cryptocompare.com/media/19694/elc.png,elc,Elacoin
45,https://www.cryptocompare.com/media/20033/emc2.png,emc2,Einsteinium
46,https://www.cryptocompare.com/media/20278/emd.png,emd,Emerald Crypto
47,https://www.cryptocompare.com/media/20035/excl.png,excl,ExclusiveCoin
48,https://www.cryptocompare.com/media/20032/flap.png,flap,FlappyCoin
49,https://www.cryptocompare.com/media/19719/fuel.png,fuel,Etherparty
50,https://www.cryptocompare.com/media/19706/ffc.png,ffc,FireFlyCoin
51,https://www.cryptocompare.com/media/1382629/frc.png,frc,Freicoin
52,https://www.cryptocompare.com/media/19709/flt.png,flt,FlutterCoin
53,https://www.cryptocompare.com/media/19712/frk.png,frk,Franko
54,https://www.cryptocompare.com/media/19720/fst.png,fst,Fastcoin
55,https://www.cryptocompare.com/media/19718/ftc.png,ftc,Feathercoin
56,https://www.cryptocompare.com/media/19724/glc.png,glc,GlobalCoin
57,https://www.cryptocompare.com/media/19723/gld.png,gld,GoldCoin
58,https://www.cryptocompare.com/media/19726/gml.png,gml,GameLeagueCoin
59,https://www.cryptocompare.com/media/20036/hal.png,hal,Halcyon
60,https://www.cryptocompare.com/media/19735/hbn.png,hbn,HoboNickels
61,https://www.cryptocompare.com/media/20624/hyp.png,hyp,HyperStake
62,https://www.cryptocompare.com/media/19754/ifc.png,ifc,Infinitecoin
63,https://www.cryptocompare.com/media/20042/ioc.png,ioc,I/O Coin
64,https://www.cryptocompare.com/media/19761/ixc.png,ixc,Ixcoin
65,https://www.cryptocompare.com/media/20336/ltb.png,ltb,LiteBar
66,https://www.cryptocompare.com/media/19786/max.png,max,MaxCoin
67,https://www.cryptocompare.com/media/19789/mec.png,mec,Megacoin
68,https://www.cryptocompare.com/media/20046/med.png,med,MediBloc
69,https://www.cryptocompare.com/media/19797/mint.png,mint,Mintcoin
70,https://www.cryptocompare.com/media/19816/mzc.png,mzc,MazaCoin
71,https://www.cryptocompare.com/media/351431/nav.png,nav,NAV Coin
72,https://www.cryptocompare.com/media/19826/net.png,net,NetCoin
73,https://www.cryptocompare.com/media/19833/nobl.png,nobl,NobleCoin
74,https://www.cryptocompare.com/media/20713/nvc.png,nvc,Novacoin
75,https://www.cryptocompare.com/media/19830/nmc.png,nmc,Namecoin
76,https://www.cryptocompare.com/media/19842/nyan.png,nyan,Nyancoin
77,https://www.cryptocompare.com/media/20050/opal.png,opal,Opal
78,https://www.cryptocompare.com/media/19845/orb.png,orb,Orbitcoin
79,https://www.cryptocompare.com/media/19857/phs.png,phs,Philosopher Stones
80,https://www.cryptocompare.com/media/19865/pot.png,pot,PotCoin
81,https://www.cryptocompare.com/media/20058/pxc.png,pxc,Phoenixcoin
82,https://www.cryptocompare.com/media/19887/rdd.png,rdd,ReddCoin
83,https://www.cryptocompare.com/media/19900/sbc.png,sbc,StrikeBitClub
84,https://www.cryptocompare.com/media/20419/sdc.png,sdc,ShadowCash
85,https://www.cryptocompare.com/media/20428/slg.png,slg,Sterlingcoin
86,https://www.cryptocompare.com/media/20059/smc.png,smc,SmartCoin
87,https://www.cryptocompare.com/media/19917/spt.png,spt,Spots
88,https://www.cryptocompare.com/media/19918/src.png,src,SecureCoin
89,https://www.cryptocompare.com/media/20061/super.png,super,SuperCoin
90,https://www.cryptocompare.com/media/20446/swift.png,swift,Bitswift
91,https://www.cryptocompare.com/media/25792583/sys.png,sys,Syscoin
92,https://www.cryptocompare.com/media/19925/tag.png,tag,TagCoin
93,https://www.cryptocompare.com/media/19927/tes.png,tes,TeslaCoin
94,https://www.cryptocompare.com/media/19930/tgc.png,tgc,Tigercoin
95,https://www.cryptocompare.com/media/20069/tit.png,tit,Titcoin
96,https://www.cryptocompare.com/media/19934/tor.png,tor,Torcoin
97,https://www.cryptocompare.com/media/20064/ttc.png,ttc,TittieCoin
98,https://www.cryptocompare.com/media/19940/unb.png,unb,UnbreakableCoin
99,https://www.cryptocompare.com/media/20065/uno.png,uno,Unobtanium
100,https://www.cryptocompare.com/media/19937/uro.png,uro,Uro
101,https://www.cryptocompare.com/media/20465/usde.png,usde,USDe
102,https://www.cryptocompare.com/media/19942/utc.png,utc,UltraCoin
103,https://www.cryptocompare.com/media/20070/via.png,via,Viacoin
104,https://www.cryptocompare.com/media/20068/vrc.png,vrc,VeriCoin
105,https://www.cryptocompare.com/media/19948/wc.png,wc,WINCOIN
106,https://www.cryptocompare.com/media/19949/wdc.png,wdc,WorldCoin
107,https://www.cryptocompare.com/media/19962/xjo.png,xjo,Joulecoin
108,https://www.cryptocompare.com/media/19970/xpm.png,xpm,Primecoin
109,https://www.cryptocompare.com/media/20077/xst.png,xst,Stealthcoin
110,https://www.cryptocompare.com/media/19976/yac.png,yac,Yacoin
111,https://www.cryptocompare.com/media/12318404/bcn.png,bcn,Bytecoin
112,https://www.cryptocompare.com/media/20479/xau.png,xau,Xaucoin
113,https://www.cryptocompare.com/media/16746623/burst.png,burst,Burst
114,https://www.cryptocompare.com/media/20422/sjcx.png,sjcx,Storjcoin X
115,https://www.cryptocompare.com/media/19916/start.png,start,Startcoin
116,https://www.cryptocompare.com/media/19960/xcp.png,xcp,Counterparty
117,https://www.cryptocompare.com/media/352247/maid.png,maid,MaidSafeCoin
118,https://www.cryptocompare.com/media/20378/nsr.png,nsr,NuShares
119,https://www.cryptocompare.com/media/19801/mona.png,mona,MonaCoin
120,https://www.cryptocompare.com/media/19929/tek.png,tek,TEKcoin
121,https://www.cryptocompare.com/media/12318281/ntrn.png,ntrn,Neutron
122,https://www.cryptocompare.com/media/20425/sling.png,sling,Sling
123,https://www.cryptocompare.com/media/350813/xvc.png,xvc,Vcash
124,https://www.cryptocompare.com/media/20242/crave.png,crave,Crave
125,https://www.cryptocompare.com/media/20204/block.png,block,Blocknet
126,https://www.cryptocompare.com/media/20217/byc.png,byc,Bytecent
127,https://www.cryptocompare.com/media/20307/grc.png,grc,GridCoin
128,https://www.cryptocompare.com/media/20287/fair.png,fair,FairCoin
129,https://www.cryptocompare.com/media/19876/qora.png,qora,Qora
130,https://www.cryptocompare.com/media/351279/rby.png,rby,Rubycoin
131,https://www.cryptocompare.com/media/19868/ptc.png,ptc,Pesetacoin
132,https://www.cryptocompare.com/media/14543972/kore.png,kore,Kore
133,https://www.cryptocompare.com/media/20477/wbb.png,wbb,Wild Beast Block
134,https://www.cryptocompare.com/media/34478183/note.png,note,DNotes
135,https://www.cryptocompare.com/media/20176/8bit.png,8bit,8Bit
136,https://www.cryptocompare.com/media/20444/stv.png,stv,Sativacoin
137,https://www.cryptocompare.com/media/20154/xmg.png,xmg,Magi
138,https://www.cryptocompare.com/media/20187/amber.png,amber,AmberCoin
139,https://www.cryptocompare.com/media/20350/j.png,j,Joincoin
140,https://www.cryptocompare.com/media/1383379/aby.png,aby,ArtByte
141,https://www.cryptocompare.com/media/20332/ldoge.png,ldoge,LiteDoge
142,https://www.cryptocompare.com/media/350568/tri.png,tri,Triangles
143,https://www.cryptocompare.com/media/19609/bbr.png,bbr,Boolberry
144,https://www.cryptocompare.com/media/20284/fldc.png,fldc,FoldingCoin
145,https://www.cryptocompare.com/media/20699/slr.png,slr,SolarCoin
146,https://www.cryptocompare.com/media/20460/trk.png,trk,Truckcoin
147,https://www.cryptocompare.com/media/20455/uis.png,uis,Unitus
148,https://www.cryptocompare.com/media/20248/cyp.png,cyp,Cypher
149,https://www.cryptocompare.com/media/20192/asn.png,asn,Aseancoin
150,https://www.cryptocompare.com/media/20400/qbk.png,qbk,Qibuck Asset
151,https://www.cryptocompare.com/media/19623/blc.png,blc,Blakecoin
152,https://www.cryptocompare.com/media/1381967/omc.png,omc,Omicron
153,https://www.cryptocompare.com/media/20225/cc.png,cc,CyberCoin
154,https://www.cryptocompare.com/media/19622/bits.png,bits,Bitstar
155,https://www.cryptocompare.com/media/19744/hyper.png,hyper,Hyper
156,https://www.cryptocompare.com/media/20471/vtr.png,vtr,vTorrent
157,https://www.cryptocompare.com/media/20359/metal.png,metal,MetalCoin
158,https://www.cryptocompare.com/media/1382396/grn.png,grn,Granite
159,https://www.cryptocompare.com/media/20290/gaia.png,gaia,GAIA
160,https://www.cryptocompare.com/media/19935/trust.png,trust,TrustPlus
161,https://www.cryptocompare.com/media/20282/fcn.png,fcn,Fantomcoin
162,https://www.cryptocompare.com/media/20483/xcn.png,xcn,Cryptonite
163,https://www.cryptocompare.com/media/1383812/cure.png,cure,Curecoin
164,https://www.cryptocompare.com/media/20488/xbc.png,xbc,Bitcoin Plus
165,https://www.cryptocompare.com/media/19671/cyc.png,cyc,Cycling Coin
166,https://www.cryptocompare.com/media/19814/mst.png,mst,MustangCoin
167,https://www.cryptocompare.com/media/20269/egg.png,egg,EggCoin
168,https://www.cryptocompare.com/media/19640/c2.png,c2,Coin2.1
169,https://www.cryptocompare.com/media/12318067/xqn.png,xqn,Quotient
170,https://www.cryptocompare.com/media/20436/soon.png,soon,SoonCoin
171,https://www.cryptocompare.com/media/20486/xco.png,xco,X-Coin
172,https://www.cryptocompare.com/media/27010496/bsty.png,bsty,GlobalBoost-Y
173,https://www.cryptocompare.com/media/20293/gam.png,gam,Gambit
174,https://www.cryptocompare.com/media/350786/cesc.png,cesc,CryptoEscudo
175,https://www.cryptocompare.com/media/350880/adc.png,adc,AudioCoin
176,https://www.cryptocompare.com/media/20557/lux.png,lux,LUXCoin
177,https://www.cryptocompare.com/media/20558/futc.png,futc,FutCoin
178,https://www.cryptocompare.com/media/20571/creva.png,creva,CrevaCoin
179,https://www.cryptocompare.com/media/20335/log.png,log,Woodcoin
180,https://www.cryptocompare.com/media/351019/acp.png,acp,AnarchistsPrime
181,https://www.cryptocompare.com/media/20602/bucks.png,bucks,SwagBucks
182,https://www.cryptocompare.com/media/20601/bsc.png,bsc,BowsCoin
183,https://www.cryptocompare.com/media/20367/nka.png,nka,IncaKoin
184,https://www.cryptocompare.com/media/20628/epy.png,epy,Emphy
185,https://www.cryptocompare.com/media/19854/piggy.png,piggy,Piggycoin
186,https://www.cryptocompare.com/media/20645/arb.png,arb,ARbit
187,https://www.cryptocompare.com/media/20656/gp.png,gp,GoldPieces
188,https://www.cryptocompare.com/media/20654/bitz.png,bitz,Bitz
189,https://www.cryptocompare.com/media/19877/qcn.png,qcn,QuazarCoin
190,https://www.cryptocompare.com/media/20432/song.png,song,SongCoin
191,https://www.cryptocompare.com/media/20686/axiom.png,axiom,Axiom
192,https://www.cryptocompare.com/media/20429/smly.png,smly,SmileyCoin
193,https://www.cryptocompare.com/media/20693/unc.png,unc,UNCoin
194,https://www.cryptocompare.com/media/20692/sprts.png,sprts,Sprouts
195,https://www.cryptocompare.com/media/20691/zny.png,zny,Bitzeny
196,https://www.cryptocompare.com/media/19638/btq.png,btq,BitQuark
197,https://www.cryptocompare.com/media/20694/pkb.png,pkb,ParkByte
198,https://www.cryptocompare.com/media/20700/snrg.png,snrg,Synergy
199,https://www.cryptocompare.com/media/20702/hnc.png,hnc,Helleniccoin
200,https://www.cryptocompare.com/media/20707/exp.png,exp,Expanse
201,https://www.cryptocompare.com/media/20708/gcr.png,gcr,Global Currency Reserve
202,https://www.cryptocompare.com/media/20721/neu.png,neu,Neumark
203,https://www.cryptocompare.com/media/20722/tx.png,tx,TransferCoin
204,https://www.cryptocompare.com/media/20780736/grs.png,grs,Groestlcoin
205,https://www.cryptocompare.com/media/350559/pxi.png,pxi,Prime-XI
206,https://www.cryptocompare.com/media/350560/cpc.png,cpc,Capricoin
207,https://www.cryptocompare.com/media/350562/ams.png,ams,AmsterdamCoin
208,https://www.cryptocompare.com/media/350565/obits.png,obits,OBITS
209,https://www.cryptocompare.com/media/350609/club.png,club,ClubCoin
210,https://www.cryptocompare.com/media/350610/rads.png,rads,Radium
211,https://www.cryptocompare.com/media/350611/emc.png,emc,Emercoin
212,https://www.cryptocompare.com/media/350612/blitz.png,blitz,Blitzcash
213,https://www.cryptocompare.com/media/350614/egc.png,egc,EverGreenCoin
214,https://www.cryptocompare.com/media/350616/mnd.png,mnd,MindCoin
215,https://www.cryptocompare.com/media/350691/i0c.png,i0c,I0Coin
216,https://www.cryptocompare.com/media/350788/pak.png,pak,Pakcoin
217,https://www.cryptocompare.com/media/350819/ok.png,ok,OKCash
218,https://www.cryptocompare.com/media/350825/amp.png,amp,Synereo
219,https://www.cryptocompare.com/media/350840/hodl.png,hodl,HOdlcoin
220,https://www.cryptocompare.com/media/350851/dgd.png,dgd,DigixDAO
221,https://www.cryptocompare.com/media/350858/edrc.jpg,edrc,EDRCoin
222,https://www.cryptocompare.com/media/350888/htc.png,htc,HitCoin
223,https://www.cryptocompare.com/media/350887/game.png,game,GameCredits
224,https://www.cryptocompare.com/media/20026/dash.png,dash,Dash
225,https://www.cryptocompare.com/media/350892/xhi.png,xhi,HiCoin
226,https://www.cryptocompare.com/media/350894/bios.png,bios,BiosCrypto
227,https://www.cryptocompare.com/media/350896/cab.png,cab,Cabbage
228,https://www.cryptocompare.com/media/350897/gbt.png,gbt,GameBet Coin
229,https://www.cryptocompare.com/media/350905/trump.png,trump,TrumpCoin
230,https://www.cryptocompare.com/media/350906/prm.png,prm,PrismChain
231,https://www.cryptocompare.com/media/350903/bcy.png,bcy,Bitcrystals
232,https://www.cryptocompare.com/media/350904/rbies.png,rbies,Rubies
233,https://www.cryptocompare.com/media/350907/steem.png,steem,Steem
234,https://www.cryptocompare.com/media/350908/blry.png,blry,BillaryCoin
235,https://www.cryptocompare.com/media/33957374/xwc.png,xwc,WhiteCoin
236,https://www.cryptocompare.com/media/350909/dot.png,dot,Dotcoin
237,https://www.cryptocompare.com/media/350913/bac.png,bac,BitAlphaCoin
238,https://www.cryptocompare.com/media/350916/xid.png,xid,International
239,https://www.cryptocompare.com/media/350918/tcr.png,tcr,TheCreed
240,https://www.cryptocompare.com/media/350917/post.png,post,PostCoin
241,https://www.cryptocompare.com/media/350919/infx.png,infx,Influxcoin
242,https://www.cryptocompare.com/media/350933/ion.jpg,ion,ION
243,https://www.cryptocompare.com/media/350939/gpu.png,gpu,GPU Coin
244,https://www.cryptocompare.com/media/350941/hmp.png,hmp,HempCoin
245,https://www.cryptocompare.com/media/350943/gap.png,gap,Gapcoin
246,https://www.cryptocompare.com/media/350944/ivz.png,ivz,InvisibleCoin
247,https://www.cryptocompare.com/media/350945/vta.png,vta,Virtacoin
248,https://www.cryptocompare.com/media/350946/sls.png,sls,SaluS
249,https://www.cryptocompare.com/media/350949/soil.png,soil,SOILcoin
250,https://www.cryptocompare.com/media/350948/cube.png,cube,DigiCube
251,https://www.cryptocompare.com/media/350957/yoc.png,yoc,Yocoin
252,https://www.cryptocompare.com/media/350956/apc.png,apc,AlpaCoin
253,https://www.cryptocompare.com/media/350952/steps.png,steps,Steps
254,https://www.cryptocompare.com/media/350953/dbtc.png,dbtc,Debitcoin
255,https://www.cryptocompare.com/media/350954/unit.png,unit,Universal Currency
256,https://www.cryptocompare.com/media/350955/aeon.png,aeon,Aeon
257,https://www.cryptocompare.com/media/350959/moin.png,moin,Moin
258,https://www.cryptocompare.com/media/350958/sib.png,sib,SIBCoin
259,https://www.cryptocompare.com/media/350960/erc.png,erc,EuropeCoin
260,https://www.cryptocompare.com/media/350971/aib.png,aib,Advanced Internet Blocks
261,https://www.cryptocompare.com/media/350973/bern.png,bern,BERNcash
262,https://www.cryptocompare.com/media/350980/bigup.png,bigup,BigUp
263,https://www.cryptocompare.com/media/33187859/xre.png,xre,RevolverCoin
264,https://www.cryptocompare.com/media/350972/anti.png,anti,AntiBitcoin
265,https://www.cryptocompare.com/media/350981/brk.png,brk,Breakout
266,https://www.cryptocompare.com/media/12318297/colx.png,colx,ColossusCoinXT
267,https://www.cryptocompare.com/media/350982/mnm.png,mnm,Mineum
268,https://www.cryptocompare.com/media/350983/adcn.png,adcn,Asiadigicoin
269,https://www.cryptocompare.com/media/350984/zeit.png,zeit,Zeitcoin
270,https://www.cryptocompare.com/media/350986/2give.png,2give,2GIVE
271,https://www.cryptocompare.com/media/350987/swing.png,swing,Swing
272,https://www.cryptocompare.com/media/1383986/safex.png,safex,Safe Exchange Coin
273,https://www.cryptocompare.com/media/350992/frn.png,frn,Francs
274,https://www.cryptocompare.com/media/350994/pulse.jpg,pulse,Pulse
275,https://www.cryptocompare.com/media/351003/mojo.png,mojo,MojoCoin
276,https://www.cryptocompare.com/media/34478099/bela.png,bela,Bela
277,https://www.cryptocompare.com/media/34478039/boli.png,boli,Bolivarcoin
278,https://www.cryptocompare.com/media/25792612/dime.png,dime,Dimecoin
279,https://www.cryptocompare.com/media/351013/fly.png,fly,Flycoin
280,https://www.cryptocompare.com/media/351014/hvco.png,hvco,High Voltage
281,https://www.cryptocompare.com/media/351017/carbon.png,carbon,Carboncoin
282,https://www.cryptocompare.com/media/351022/sts.png,sts,Stress
283,https://www.cryptocompare.com/media/351023/disk.png,disk,DarkLisk
284,https://www.cryptocompare.com/media/351026/neva.png,neva,NevaCoin
285,https://www.cryptocompare.com/media/351025/fuzz.png,fuzz,FuzzBalls
286,https://www.cryptocompare.com/media/351031/scrt.png,scrt,SecretCoin
287,https://www.cryptocompare.com/media/351032/xra.png,xra,Ratecoin
288,https://www.cryptocompare.com/media/351043/star.jpg,star,Starbase
289,https://www.cryptocompare.com/media/351047/dbg.png,dbg,Digital Bullion Gold
290,https://www.cryptocompare.com/media/351044/wmc.png,wmc,WMCoin
291,https://www.cryptocompare.com/media/351063/sta.png,sta,Starta
292,https://www.cryptocompare.com/media/351059/rise.png,rise,Rise
293,https://www.cryptocompare.com/media/351069/vip.png,vip,VIP Tokens
294,https://www.cryptocompare.com/media/351076/orly.png,orly,Orlycoin
295,https://www.cryptocompare.com/media/351079/sak.png,sak,Sharkcoin
296,https://www.cryptocompare.com/media/351080/evil.png,evil,Evil Coin
297,https://www.cryptocompare.com/media/351084/mue.png,mue,MonetaryUnit
298,https://www.cryptocompare.com/media/351087/des.png,des,Destiny
299,https://www.cryptocompare.com/media/351088/pdc.png,pdc,Project Decorum
300,https://www.cryptocompare.com/media/351094/chess.jpg,chess,ChessCoin
301,https://www.cryptocompare.com/media/351095/space.png,space,SpaceCoin
302,https://www.cryptocompare.com/media/351096/ree.png,ree,ReeCoin
303,https://www.cryptocompare.com/media/351100/xde2.png,xde2,XDE II
304,https://www.cryptocompare.com/media/351101/vec2.png,vec2,VectorAI
305,https://www.cryptocompare.com/media/351102/omni.png,omni,Omni
306,https://www.cryptocompare.com/media/351104/tkn.png,tkn,TokenCard
307,https://www.cryptocompare.com/media/351208/lir.png,lir,LetItRide
308,https://www.cryptocompare.com/media/351211/lbc.png,lbc,LBRY Credits
309,https://www.cryptocompare.com/media/351238/ibank.png,ibank,iBank
310,https://www.cryptocompare.com/media/351304/voya.png,voya,Voyacoin
311,https://www.cryptocompare.com/media/351361/frwc.png,frwc,FrankyWillCoin
312,https://www.cryptocompare.com/media/351362/psy.png,psy,Psilocybin
313,https://www.cryptocompare.com/media/351368/sngls.png,sngls,SingularDTV
314,https://www.cryptocompare.com/media/351382/xaur.png,xaur,Xaurum
315,https://www.cryptocompare.com/media/351388/crx.png,crx,Chronos
316,https://www.cryptocompare.com/media/351389/dct.png,dct,DECENT
317,https://www.cryptocompare.com/media/351395/warp.png,warp,WARP
318,https://www.cryptocompare.com/media/351397/pizza.png,pizza,PizzaCoin
319,https://www.cryptocompare.com/media/351400/icn.png,icn,iCoin
320,https://www.cryptocompare.com/media/351404/cdx.png,cdx,Commodity Ad Network
321,https://www.cryptocompare.com/media/15887426/synx.png,synx,Syndicate
322,https://www.cryptocompare.com/media/351432/jwl.png,jwl,Jewels
323,https://www.cryptocompare.com/media/351433/way.png,way,WayGuide
324,https://www.cryptocompare.com/media/351490/bitcny.png,bitcny,bitCNY
325,https://www.cryptocompare.com/media/351491/bitusd.png,bitusd,bitUSD
326,https://www.cryptocompare.com/media/351499/bot.png,bot,Bodhi
327,https://www.cryptocompare.com/media/351500/mdc.png,mdc,Madcoin
328,https://www.cryptocompare.com/media/25792684/krb.png,krb,Karbo
329,https://www.cryptocompare.com/media/351505/tell.png,tell,Tellurion
330,https://www.cryptocompare.com/media/351508/blockpay.png,blockpay,BlockPay
331,https://www.cryptocompare.com/media/351509/bxt.png,bxt,BitTokens
332,https://www.cryptocompare.com/media/351514/vlt.png,vlt,Veltor
333,https://www.cryptocompare.com/media/351515/zne.jpg,zne,Zonecoin
334,https://www.cryptocompare.com/media/351519/coval.png,coval,Circuits of Value
335,https://www.cryptocompare.com/media/351521/today.png,today,TodayCoin
336,https://www.cryptocompare.com/media/351522/vrm.png,vrm,VeriumReserve
337,https://www.cryptocompare.com/media/351524/1st.png,1st,FirstBlood
338,https://www.cryptocompare.com/media/351525/gpl.png,gpl,Gold Pressed Latinum
339,https://www.cryptocompare.com/media/351526/dope.png,dope,DopeCoin
340,https://www.cryptocompare.com/media/12318367/b3.png,b3,B3Coin
341,https://www.cryptocompare.com/media/351553/fonz.png,fonz,Fonziecoin
342,https://www.cryptocompare.com/media/351559/dlc.png,dlc,Dollarcoin
343,https://www.cryptocompare.com/media/351567/sh.png,sh,Shilling
344,https://www.cryptocompare.com/media/15887419/buzz.png,buzz,BuzzCoin
345,https://www.cryptocompare.com/media/351625/fire.png,fire,Firecoin
346,https://www.cryptocompare.com/media/351632/ego.png,ego,EGO
347,https://www.cryptocompare.com/media/351634/rcn.png,rcn,Rcoin
348,https://www.cryptocompare.com/media/351637/gbrc.png,gbrc,Global Business Revolution
349,https://www.cryptocompare.com/media/351657/hallo.png,hallo,Halloween Coin
350,https://www.cryptocompare.com/media/351685/atom.png,atom,Atomic Coin
351,https://www.cryptocompare.com/media/351691/jobs.png,jobs,JobsCoin
352,https://www.cryptocompare.com/media/351699/thc.png,thc,HempCoin
353,https://www.cryptocompare.com/media/27010498/fjc.png,fjc,FujiCoin
354,https://www.cryptocompare.com/media/351709/sdp.jpg,sdp,SydPak
355,https://www.cryptocompare.com/media/351712/calc.png,calc,CaliphCoin
356,https://www.cryptocompare.com/media/351729/lea.png,lea,LeaCoin
357,https://www.cryptocompare.com/media/351736/ardr.png,ardr,Ardor
358,https://www.cryptocompare.com/media/351740/air.png,air,AirToken
359,https://www.cryptocompare.com/media/351749/moneta.png,moneta,Moneta
360,https://www.cryptocompare.com/media/351751/rubit.png,rubit,RubleBit
361,https://www.cryptocompare.com/media/351753/brain.png,brain,Braincoin
362,https://www.cryptocompare.com/media/351756/royal.png,royal,RoyalCoin
363,https://www.cryptocompare.com/media/351758/zur.png,zur,Zurcoin
364,https://www.cryptocompare.com/media/351790/team.png,team,TeamUp
365,https://www.cryptocompare.com/media/351793/ele.png,ele,Elementrem
366,https://www.cryptocompare.com/media/351796/gcc.jpg,gcc,GuccioneCoin
367,https://www.cryptocompare.com/media/351926/zcl.png,zcl,ZClassic
368,https://www.cryptocompare.com/media/351930/dar.png,dar,Darcrus
369,https://www.cryptocompare.com/media/351934/iflt.png,iflt,InflationCoin
370,https://www.cryptocompare.com/media/351945/tesla.png,tesla,TeslaCoilCoin
371,https://www.cryptocompare.com/media/351988/leo.png,leo,LEOcoin
372,https://www.cryptocompare.com/media/351989/mdt.png,mdt,Measurable Data Token
373,https://www.cryptocompare.com/media/351992/pex.png,pex,PosEx
374,https://www.cryptocompare.com/media/352021/vrs.png,vrs,Veros
375,https://www.cryptocompare.com/media/352024/klc.png,klc,KiloCoin
376,https://www.cryptocompare.com/media/352084/atx.png,atx,Artex Coin
377,https://www.cryptocompare.com/media/352105/time.png,time,Chronobank
378,https://www.cryptocompare.com/media/352126/jns.png,jns,Janus
379,https://www.cryptocompare.com/media/352128/dcre.png,dcre,DeltaCredits
380,https://www.cryptocompare.com/media/352134/arco.png,arco,AquariusCoin
381,https://www.cryptocompare.com/media/352155/kurt.png,kurt,Kurrent
382,https://www.cryptocompare.com/media/352156/xcre.png,xcre,Creatio
383,https://www.cryptocompare.com/media/352182/ur.jpg,ur,UR
384,https://www.cryptocompare.com/media/1382471/euc.png,euc,Eurocoin
385,https://www.cryptocompare.com/media/352207/tks.jpg,tks,Tokes
386,https://www.cryptocompare.com/media/352248/nxc.png,nxc,Nexium
387,https://www.cryptocompare.com/media/352311/xng.png,xng,Enigma
388,https://www.cryptocompare.com/media/1381971/loc.png,loc,LockChain
389,https://www.cryptocompare.com/media/1381972/mmxvi.png,mmxvi,MMXVI
390,https://www.cryptocompare.com/media/1381975/trst.png,trst,WeTrust
391,https://www.cryptocompare.com/media/1381984/imps.jpg,imps,ImpulseCoin
392,https://www.cryptocompare.com/media/1381992/rc.png,rc,RussiaCoin
393,https://www.cryptocompare.com/media/12318184/pnd.png,pnd,Pandacoin
394,https://www.cryptocompare.com/media/1381994/px.png,px,PX
395,https://www.cryptocompare.com/media/1381997/cnd.png,cnd,Cindicator
396,https://www.cryptocompare.com/media/1382048/av.png,av,AvatarCoin
397,https://www.cryptocompare.com/media/1382050/units.png,units,GameUnits
398,https://www.cryptocompare.com/media/1382125/shift.png,shift,Shift
399,https://www.cryptocompare.com/media/1382097/ltcr.png,ltcr,Litecred
400,https://www.cryptocompare.com/media/19874/qbc.png,qbc,Quebecoin
401,https://www.cryptocompare.com/media/1382170/ast.png,ast,AirSwap
402,https://www.cryptocompare.com/media/1382172/vidz.png,vidz,PureVidz
403,https://www.cryptocompare.com/media/1382246/golos.png,golos,Golos
404,https://www.cryptocompare.com/media/1382251/payp.png,payp,PayPeer
405,https://www.cryptocompare.com/media/1382269/yes.png,yes,Yescoin
406,https://www.cryptocompare.com/media/1382288/os76.png,os76,OsmiumCoin
407,https://www.cryptocompare.com/media/1382339/moto.png,moto,Motocoin
408,https://www.cryptocompare.com/media/1382368/mac.png,mac,Machinecoin
409,https://www.cryptocompare.com/media/1382388/ride.png,ride,Ride My Car
410,https://www.cryptocompare.com/media/1382390/ked.png,ked,Darsek
411,https://www.cryptocompare.com/media/12318262/iop.png,iop,Internet of People
412,https://www.cryptocompare.com/media/1382395/xspec.png,xspec,Spectrecoin
413,https://www.cryptocompare.com/media/1382397/pepecash.png,pepecash,Pepe Cash
414,https://www.cryptocompare.com/media/1382400/els.png,els,Elysium
415,https://www.cryptocompare.com/media/1382431/plu.png,plu,Pluton
416,https://www.cryptocompare.com/media/1382432/pres.png,pres,President Trump
417,https://www.cryptocompare.com/media/1382434/opes.png,opes,Opescoin
418,https://www.cryptocompare.com/media/1382441/ubq.png,ubq,Ubiq
419,https://www.cryptocompare.com/media/1382470/cwxt.png,cwxt,CryptoWorldX Token
420,https://www.cryptocompare.com/media/1382507/lepen.png,lepen,LePen
421,https://www.cryptocompare.com/media/1382577/mar.png,mar,Marijuanacoin
422,https://www.cryptocompare.com/media/1382578/marx.png,marx,MarxCoin
423,https://www.cryptocompare.com/media/1382603/prx.png,prx,Printerium
424,https://www.cryptocompare.com/media/30002082/pac.png,pac,PACcoin
425,https://www.cryptocompare.com/media/1382639/sfc.png,sfc,Solarflarecoin
426,https://www.cryptocompare.com/media/34478182/zbc.png,zbc,Zilbercoin
427,https://www.cryptocompare.com/media/1382653/mln.png,mln,Melon
428,https://www.cryptocompare.com/media/1383687/pay.png,pay,TenX
429,https://www.cryptocompare.com/media/1382660/ths.png,ths,TechShares
430,https://www.cryptocompare.com/media/1382686/pie.png,pie,PIECoin
431,https://www.cryptocompare.com/media/1382709/crea.png,crea,Creativecoin
432,https://www.cryptocompare.com/media/1382711/bvc.png,bvc,BeaverCoin
433,https://www.cryptocompare.com/media/1382738/vltc.png,vltc,Vault Coin
434,https://www.cryptocompare.com/media/1382739/biob.png,biob,BioBar
435,https://www.cryptocompare.com/media/1382740/swt.jpg,swt,Swarm City
436,https://www.cryptocompare.com/media/1382741/pasl.png,pasl,Pascal Lite
437,https://www.cryptocompare.com/media/34155612/zer.png,zer,Zero
438,https://www.cryptocompare.com/media/1382763/cdn.png,cdn,Canada eCoin
439,https://www.cryptocompare.com/media/1382771/netko.png,netko,Netko
440,https://www.cryptocompare.com/media/27011018/zoi.png,zoi,Zoin
441,https://www.cryptocompare.com/media/1382783/music.png,music,Musicoin
442,https://www.cryptocompare.com/media/1382791/dtb.png,dtb,Databits
443,https://www.cryptocompare.com/media/1382794/volt.png,volt,Bitvolt
444,https://www.cryptocompare.com/media/1382799/edg.jpg,edg,Edgeless
445,https://www.cryptocompare.com/media/1382805/best.jpg,best,BestChain
446,https://www.cryptocompare.com/media/33842945/chc.jpg,chc,ChainCoin
447,https://www.cryptocompare.com/media/1382807/zen.png,zen,ZenCash
448,https://www.cryptocompare.com/media/1382853/bnx.png,bnx,BnrtxCoin
449,https://www.cryptocompare.com/media/1382859/rns.png,rns,Renos
450,https://www.cryptocompare.com/media/1382863/kayi.png,kayi,Kayicoin
451,https://www.cryptocompare.com/media/1382865/xvp.png,xvp,Virtacoinplus
452,https://www.cryptocompare.com/media/1382866/boat.png,boat,BOAT
453,https://www.cryptocompare.com/media/1382867/taj.png,taj,TajCoin
454,https://www.cryptocompare.com/media/1382891/imx.png,imx,Impact
455,https://www.cryptocompare.com/media/1382936/qbt.png,qbt,Cubits
456,https://www.cryptocompare.com/media/1382937/xve.png,xve,The Vegan Initiative
457,https://www.cryptocompare.com/media/1382944/fazz.png,fazz,Fazzcoin
458,https://www.cryptocompare.com/media/1382946/blazr.png,blazr,BlazerCoin
459,https://www.cryptocompare.com/media/1382967/bnb.png,bnb,Binance Coin
460,https://www.cryptocompare.com/media/1382968/uni.png,uni,Universe
461,https://www.cryptocompare.com/media/1382994/xlr.png,xlr,Solaris
462,https://www.cryptocompare.com/media/1382995/don.png,don,Donationcoin
463,https://www.cryptocompare.com/media/14913628/mer.png,mer,Mercury
464,https://www.cryptocompare.com/media/1382998/wgo.png,wgo,WavesGo
465,https://www.cryptocompare.com/media/1383047/visio.png,visio,Visio
466,https://www.cryptocompare.com/media/1383046/hpc.png,hpc,Happycoin
467,https://www.cryptocompare.com/media/1383080/cxt.png,cxt,Coinonat
468,https://www.cryptocompare.com/media/1383085/lgd.png,lgd,Legends Room
469,https://www.cryptocompare.com/media/1383085/taas.png,taas,TaaS
470,https://www.cryptocompare.com/media/20780760/xby.png,xby,XTRABYTES
471,https://www.cryptocompare.com/media/1383107/gup.png,gup,Matchpool
472,https://www.cryptocompare.com/media/1383111/mcrn.png,mcrn,MACRON
473,https://www.cryptocompare.com/media/1383114/rain.png,rain,Condensate
474,https://www.cryptocompare.com/media/1383144/wsx.png,wsx,WeAreSatoshi
475,https://www.cryptocompare.com/media/1383145/ims.png,ims,Independent Money System
476,https://www.cryptocompare.com/media/1383149/argus.png,argus,Argus
477,https://www.cryptocompare.com/media/1383150/cnt.png,cnt,Centurion
478,https://www.cryptocompare.com/media/1383139/lmc.png,lmc,LoMoCoin
479,https://www.cryptocompare.com/media/1383158/btcs.png,btcs,Bitcoin Scrypt
480,https://www.cryptocompare.com/media/1383161/xgr.png,xgr,GoldReserve
481,https://www.cryptocompare.com/media/1383163/benji.png,benji,BenjiRolls
482,https://www.cryptocompare.com/media/1383174/hmq.png,hmq,Humaniq
483,https://www.cryptocompare.com/media/1383196/duo.png,duo,ParallelCoin
484,https://www.cryptocompare.com/media/1383197/rbx.png,rbx,Ripto Bux
485,https://www.cryptocompare.com/media/1383235/apx.png,apx,APX
486,https://www.cryptocompare.com/media/1383236/milo.png,milo,MiloCoin
487,https://www.cryptocompare.com/media/1383242/pzm.jpg,pzm,PRIZM
488,https://www.cryptocompare.com/media/1383244/ant.png,ant,Aragon
489,https://www.cryptocompare.com/media/1383246/xct.png,xct,C-Bit
490,https://www.cryptocompare.com/media/1383265/red.png,red,RedCoin
491,https://www.cryptocompare.com/media/1383266/zse.png,zse,ZSEcoin
492,https://www.cryptocompare.com/media/1383282/bitok.jpg,bitok,Bitok
493,https://www.cryptocompare.com/media/1383324/pbt.png,pbt,Primalbase Token
494,https://www.cryptocompare.com/media/1383327/html5.png,html5,HTML5COIN
495,https://www.cryptocompare.com/media/1383361/dice.png,dice,Etheroll
496,https://www.cryptocompare.com/media/1383362/sub.png,sub,Substratum
497,https://www.cryptocompare.com/media/1383363/usc.png,usc,Ultimate Secure Cash
498,https://www.cryptocompare.com/media/1383366/eqt.png,eqt,EquiTrader
499,https://www.cryptocompare.com/media/1383366/insn.png,insn,InsaneCoin
500,https://www.cryptocompare.com/media/1383521/bos.png,bos,BOScoin
501,https://www.cryptocompare.com/media/34478071/qrl.png,qrl,Quantum Resistant Ledger
502,https://www.cryptocompare.com/media/1383544/adl.png,adl,Adelphoi
503,https://www.cryptocompare.com/media/1383546/ecc.png,ecc,ECC
504,https://www.cryptocompare.com/media/1383547/ptoy.png,ptoy,Patientory
505,https://www.cryptocompare.com/media/1383548/xzc.png,xzc,ZCoin
506,https://www.cryptocompare.com/media/1383553/lkk.png,lkk,Lykke
507,https://www.cryptocompare.com/media/14761907/esp.png,esp,Espers
508,https://www.cryptocompare.com/media/1383556/mad.png,mad,SatoshiMadness
509,https://www.cryptocompare.com/media/1383557/dyn.png,dyn,Dynamic
510,https://www.cryptocompare.com/media/1383558/seq.png,seq,Sequence
511,https://www.cryptocompare.com/media/1383559/mcap.png,mcap,MCAP
512,https://www.cryptocompare.com/media/1383561/myst.png,myst,Mysterium
513,https://www.cryptocompare.com/media/1383562/veri.png,veri,Veritaseum
514,https://www.cryptocompare.com/media/1383564/snm.png,snm,SONM
515,https://www.cryptocompare.com/media/30001806/sky.png,sky,Skycoin
516,https://www.cryptocompare.com/media/1383567/cfi.png,cfi,Cofound.it
517,https://www.cryptocompare.com/media/1383568/snt.png,snt,Status
518,https://www.cryptocompare.com/media/1383599/avt.png,avt,Aventus
519,https://www.cryptocompare.com/media/1383612/ixt.png,ixt,iXledger
520,https://www.cryptocompare.com/media/1383613/dent.png,dent,Dent
521,https://www.cryptocompare.com/media/1383621/tfl.png,tfl,TrueFlip
522,https://www.cryptocompare.com/media/1383646/efyt.png,efyt,Ergo
523,https://www.cryptocompare.com/media/1383655/nmr.png,nmr,Numeraire
524,https://www.cryptocompare.com/media/1383669/qau.png,qau,Quantum
525,https://www.cryptocompare.com/media/1383670/ecob.png,ecob,Ecobit
526,https://www.cryptocompare.com/media/1383689/atb.png,atb,ATBCoin
527,https://www.cryptocompare.com/media/1383690/tix.png,tix,Blocktix
528,https://www.cryptocompare.com/media/1383694/rvt.png,rvt,Rivetz
529,https://www.cryptocompare.com/media/1383699/cdt.png,cdt,CoinDash
530,https://www.cryptocompare.com/media/1383700/act.png,act,Achain
531,https://www.cryptocompare.com/media/1383696/sur.png,sur,Suretly
532,https://www.cryptocompare.com/media/1383730/san.png,san,Santiment Network Token
533,https://www.cryptocompare.com/media/1383731/kin.png,kin,Kin
534,https://www.cryptocompare.com/media/1383737/xel.png,xel,Elastic
535,https://www.cryptocompare.com/media/1383732/nvst.png,nvst,NVO
536,https://www.cryptocompare.com/media/1383742/wtt.png,wtt,Giga Watt Token
537,https://www.cryptocompare.com/media/1383743/mtl.png,mtl,Metal
538,https://www.cryptocompare.com/media/33187817/myb.jpg,myb,MyBit Token
539,https://www.cryptocompare.com/media/1383747/ppt.png,ppt,Populous
540,https://www.cryptocompare.com/media/1383753/cor.png,cor,CORION
541,https://www.cryptocompare.com/media/1383756/oax.png,oax,OAX
542,https://www.cryptocompare.com/media/1383759/mbi.png,mbi,Monster Byte
543,https://www.cryptocompare.com/media/1383760/ddf.png,ddf,DigitalDevelopersFund
544,https://www.cryptocompare.com/media/1383761/dim.png,dim,DIMCOIN
545,https://www.cryptocompare.com/media/1383764/fyn.png,fyn,FundYourselfNow
546,https://www.cryptocompare.com/media/1383767/dcy.png,dcy,Dinastycoin
547,https://www.cryptocompare.com/media/1383769/cft.png,cft,CryptoForecast
548,https://www.cryptocompare.com/media/1383770/dnr.png,dnr,Denarius
549,https://www.cryptocompare.com/media/1383772/dp.png,dp,DigitalPrice
550,https://www.cryptocompare.com/media/1383773/vuc.png,vuc,Virta Unique Coin
551,https://www.cryptocompare.com/media/1383774/btpl.png,btpl,Bitcoin Planet
552,https://www.cryptocompare.com/media/1383775/unify.png,unify,Unify
553,https://www.cryptocompare.com/media/1383777/brit.png,brit,BritCoin
554,https://www.cryptocompare.com/media/1383778/ammo.png,ammo,Ammo Reloaded
555,https://www.cryptocompare.com/media/1383779/socc.png,socc,SocialCoin
556,https://www.cryptocompare.com/media/1383785/stu.png,stu,bitJob
557,https://www.cryptocompare.com/media/27010510/plr.png,plr,Pillar
558,https://www.cryptocompare.com/media/12318127/ift.png,ift,InvestFeed
559,https://www.cryptocompare.com/media/1383792/pro.png,pro,ProChain
560,https://www.cryptocompare.com/media/1383794/ind.png,ind,Indorse Token
561,https://www.cryptocompare.com/media/1383796/aht.png,aht,Bowhead
562,https://www.cryptocompare.com/media/1383800/tnt.png,tnt,Tierion
563,https://www.cryptocompare.com/media/1383801/pst.png,pst,Primas
564,https://www.cryptocompare.com/media/1383802/coss.png,coss,COSS
565,https://www.cryptocompare.com/media/1383803/storm.jpg,storm,Storm
566,https://www.cryptocompare.com/media/1383813/score.png,score,Scorecoin
567,https://www.cryptocompare.com/media/12318263/voise.png,voise,Voise
568,https://www.cryptocompare.com/media/12318348/etbs.png,etbs,Ethbits
569,https://www.cryptocompare.com/media/1383821/cvcoin.png,cvcoin,CVCoin
570,https://www.cryptocompare.com/media/1383822/drp.png,drp,DCORP
571,https://www.cryptocompare.com/media/1383824/arc.png,arc,Arcade Token
572,https://www.cryptocompare.com/media/1383827/ndc.png,ndc,NEVERDIE
573,https://www.cryptocompare.com/media/1383829/adt.png,adt,adToken
574,https://www.cryptocompare.com/media/1383837/uet.png,uet,Useless Ethereum Token
575,https://www.cryptocompare.com/media/1383838/part.png,part,Particl
576,https://www.cryptocompare.com/media/1383839/agrs.png,agrs,Agoras Tokens
577,https://www.cryptocompare.com/media/1383846/adst.png,adst,AdShares
578,https://www.cryptocompare.com/media/16746543/nlc2.png,nlc2,NoLimitCoin
579,https://www.cryptocompare.com/media/1383860/linda.png,linda,Linda
580,https://www.cryptocompare.com/media/1383873/opt.png,opt,Opus
581,https://www.cryptocompare.com/media/34333433/xlc.png,xlc,LeviarCoin
582,https://www.cryptocompare.com/media/1383894/onion.png,onion,DeepOnion
583,https://www.cryptocompare.com/media/1383895/btx.png,btx,Bitcore
584,https://www.cryptocompare.com/media/1383899/gcn.png,gcn,GCoin
585,https://www.cryptocompare.com/media/1383903/mana.png,mana,Decentraland
586,https://www.cryptocompare.com/media/9350710/sigt.png,sigt,Signatum
587,https://www.cryptocompare.com/media/1383910/onx.png,onx,Onix
588,https://www.cryptocompare.com/media/1383913/wink.png,wink,Wink
589,https://www.cryptocompare.com/media/1383922/csno.png,csno,BitDice
590,https://www.cryptocompare.com/media/1383929/kick.png,kick,KickCoin
591,https://www.cryptocompare.com/media/1383946/stx.png,stx,Stox
592,https://www.cryptocompare.com/media/1383954/qvt.png,qvt,Qvolta
593,https://www.cryptocompare.com/media/1383955/tie.png,tie,TIES Network
594,https://www.cryptocompare.com/media/1383976/mth.png,mth,Monetha
595,https://www.cryptocompare.com/media/1383989/ocl.png,ocl,Oceanlab
596,https://www.cryptocompare.com/media/1383999/dcn.png,dcn,Dentacoin
597,https://www.cryptocompare.com/media/1384010/mbrs.png,mbrs,Embers
598,https://www.cryptocompare.com/media/1384016/nebl.png,nebl,Neblio
599,https://www.cryptocompare.com/media/27010930/xmcc.jpg,xmcc,Monoeci
600,https://www.cryptocompare.com/media/1384029/ctr.png,ctr,Centra
601,https://www.cryptocompare.com/media/1384033/prg.png,prg,Paragon
602,https://www.cryptocompare.com/media/1384040/worm.png,worm,HealthyWormCoin
603,https://www.cryptocompare.com/media/1384043/fuck.png,fuck,FuckToken
604,https://www.cryptocompare.com/media/1384045/sift.jpg,sift,Smart Investment Fund Token
605,https://www.cryptocompare.com/media/1384046/ignis.png,ignis,Ignis
606,https://www.cryptocompare.com/media/1383969/ent.png,ent,ENTCash
607,https://www.cryptocompare.com/media/9350692/hgt.jpg,hgt,HelloGold
608,https://www.cryptocompare.com/media/9350694/nimfa.jpg,nimfa,Nimfamoney
609,https://www.cryptocompare.com/media/9350702/minex.png,minex,Minex
610,https://www.cryptocompare.com/media/9350711/mag.png,mag,Magnet
611,https://www.cryptocompare.com/media/9350712/dft.png,dft,DraftCoin
612,https://www.cryptocompare.com/media/9350725/soj.png,soj,Sojourn
613,https://www.cryptocompare.com/media/9350726/hdg.png,hdg,Hedge
614,https://www.cryptocompare.com/media/9350737/riya.png,riya,Etheriya
615,https://www.cryptocompare.com/media/9350738/lnk.png,lnk,Link Platform
616,https://www.cryptocompare.com/media/9350739/amb.png,amb,Ambrosus
617,https://www.cryptocompare.com/media/9350746/altc.png,altc,Antilitecoin
618,https://www.cryptocompare.com/media/9350747/credo.jpg,credo,Credo
619,https://www.cryptocompare.com/media/14913571/bkx.png,bkx,Bankex
620,https://www.cryptocompare.com/media/9350753/oxy.png,oxy,Oxycoin
621,https://www.cryptocompare.com/media/27010507/gim.png,gim,Gimli
622,https://www.cryptocompare.com/media/30001653/nyc.png,nyc,NewYorkCoin
623,https://www.cryptocompare.com/media/9350763/lbtc.png,lbtc,Lightning Bitcoin
624,https://www.cryptocompare.com/media/9350764/fraz.png,fraz,Frazcoin
625,https://www.cryptocompare.com/media/9350768/hbt.png,hbt,Hubii Network
626,https://www.cryptocompare.com/media/9350770/krone.png,krone,Kronecoin
627,https://www.cryptocompare.com/media/9350776/acc.jpg,acc,Accelerator Network
628,https://www.cryptocompare.com/media/9350783/linx.png,linx,Linx
629,https://www.cryptocompare.com/media/9350784/xcxt.png,xcxt,CoinonatX
630,https://www.cryptocompare.com/media/25792611/blas.png,blas,BlakeStar
631,https://www.cryptocompare.com/media/9350786/good.png,good,Goodomy
632,https://www.cryptocompare.com/media/9350790/crtm.jpg,crtm,Corethum
633,https://www.cryptocompare.com/media/9350793/mtx.png,mtx,Matryx
634,https://www.cryptocompare.com/media/11417632/cnx.png,cnx,Cryptonex
635,https://www.cryptocompare.com/media/11999076/ace.png,ace,Ace
636,https://www.cryptocompare.com/media/11999078/wrc.png,wrc,Worldcore
637,https://www.cryptocompare.com/media/12317960/brx.png,brx,Breakout Stake
638,https://www.cryptocompare.com/media/12317962/xuc.png,xuc,Exchange Union
639,https://www.cryptocompare.com/media/12317980/wish.png,wish,MyWish
640,https://www.cryptocompare.com/media/12318008/bmc.png,bmc,Blackmoon Crypto
641,https://www.cryptocompare.com/media/12318013/skr.png,skr,Sakuracoin
642,https://www.cryptocompare.com/media/15887416/capp.png,capp,Cappasity
643,https://www.cryptocompare.com/media/12318044/vee.png,vee,BLOCKv
644,https://www.cryptocompare.com/media/12318045/fc.png,fc,Facecoin
645,https://www.cryptocompare.com/media/12318064/evc.png,evc,EventChain
646,https://www.cryptocompare.com/media/12318085/rustbits.png,rustbits,Rustbits
647,https://www.cryptocompare.com/media/12318086/rex.png,rex,REX
648,https://www.cryptocompare.com/media/12318087/ethd.png,ethd,Ethereum Dark
649,https://www.cryptocompare.com/media/27010696/sumo.png,sumo,Sumokoin
650,https://www.cryptocompare.com/media/12318097/art.png,art,Maecenas
651,https://www.cryptocompare.com/media/12318099/drt.png,drt,DomRaider
652,https://www.cryptocompare.com/media/12318100/snov.png,snov,Snovio
653,https://www.cryptocompare.com/media/9350744/salt.jpg,salt,SALT
654,https://www.cryptocompare.com/media/12318128/snd.png,snd,Sand Coin
655,https://www.cryptocompare.com/media/12318134/xp.png,xp,Experience Points
656,https://www.cryptocompare.com/media/12318135/lrc.png,lrc,Loopring
657,https://www.cryptocompare.com/media/12318145/odn.png,odn,Obsidian
658,https://www.cryptocompare.com/media/12318144/poll.png,poll,ClearPoll
659,https://www.cryptocompare.com/media/12318172/elix.png,elix,Elixir
660,https://www.cryptocompare.com/media/12318175/ebtc.png,ebtc,eBitcoin
661,https://www.cryptocompare.com/media/12318178/yoyow.png,yoyow,YOYOW
662,https://www.cryptocompare.com/media/12318179/rec.png,rec,Regalcoin
663,https://www.cryptocompare.com/media/12318191/bis.png,bis,Bismuth
664,https://www.cryptocompare.com/media/12318194/vsx.png,vsx,Vsync
665,https://www.cryptocompare.com/media/12318408/btcz.png,btcz,BitcoinZ
666,https://www.cryptocompare.com/media/12318216/ppp.png,ppp,PayPie
667,https://www.cryptocompare.com/media/12318223/etp.png,etp,Metaverse ETP
668,https://www.cryptocompare.com/media/12318230/flik.png,flik,FLiK
669,https://www.cryptocompare.com/media/12318247/alis.png,alis,ALIS
670,https://www.cryptocompare.com/media/12318249/lev.png,lev,Leverj
671,https://www.cryptocompare.com/media/12318260/req.png,req,Request Network
672,https://www.cryptocompare.com/media/12318265/dat.png,dat,Datum
673,https://www.cryptocompare.com/media/12318267/vibe.png,vibe,VIBE
674,https://www.cryptocompare.com/media/12318271/day.png,day,Chronologic
675,https://www.cryptocompare.com/media/12318285/tzc.png,tzc,TrezarCoin
676,https://www.cryptocompare.com/media/12318287/eng.png,eng,Enigma
677,https://www.cryptocompare.com/media/12318289/mci.png,mci,Musiconomi
678,https://www.cryptocompare.com/media/12318290/wax.png,wax,WAX
679,https://www.cryptocompare.com/media/12318293/nto.png,nto,Fujinto
680,https://www.cryptocompare.com/media/12318298/wild.png,wild,Wild Crypto
681,https://www.cryptocompare.com/media/12318300/eltc2.png,eltc2,eLTC
682,https://www.cryptocompare.com/media/12318305/ryz.png,ryz,ANRYZE
683,https://www.cryptocompare.com/media/12318324/ter.png,ter,TerraNova
684,https://www.cryptocompare.com/media/12318325/bq.png,bq,bitqy
685,https://www.cryptocompare.com/media/12318331/wabi.png,wabi,WaBi
686,https://www.cryptocompare.com/media/12318332/evr.png,evr,Everus
687,https://www.cryptocompare.com/media/12318337/vivo.png,vivo,VIVO
688,https://www.cryptocompare.com/media/12318341/zsc.png,zsc,Zeusshield
689,https://www.cryptocompare.com/media/12318350/smt.png,smt,SmartMesh
690,https://www.cryptocompare.com/media/12318355/inxt.png,inxt,Internxt
691,https://www.cryptocompare.com/media/12318356/ats.png,ats,Authorship
692,https://www.cryptocompare.com/media/12318358/ebet.png,ebet,EthBet
693,https://www.cryptocompare.com/media/12318360/r.png,r,Revain
694,https://www.cryptocompare.com/media/12318303/cpay.png,cpay,Cryptopay
695,https://www.cryptocompare.com/media/12318368/bon.png,bon,Bonpay
696,https://www.cryptocompare.com/media/12318372/whl.png,whl,WhaleCoin
697,https://www.cryptocompare.com/media/12318378/etg.png,etg,Ethereum Gold
698,https://www.cryptocompare.com/media/12318379/women.png,women,WomenCoin
699,https://www.cryptocompare.com/media/12318380/may.png,may,Theresa May Coin
700,https://www.cryptocompare.com/media/12318383/sct.png,sct,Soma
701,https://www.cryptocompare.com/media/12318384/namo.png,namo,NamoCoin
702,https://www.cryptocompare.com/media/12318389/kcs.png,kcs,KuCoin Shares
703,https://www.cryptocompare.com/media/12318407/blue.png,blue,BLUE
704,https://www.cryptocompare.com/media/12318414/vzt.png,vzt,Vezt
705,https://www.cryptocompare.com/media/34155614/pirl.png,pirl,Pirl
706,https://www.cryptocompare.com/media/14543971/ecash.png,ecash,Ethereum Cash
707,https://www.cryptocompare.com/media/16746490/drgn.png,drgn,Dragonchain
708,https://www.cryptocompare.com/media/25792621/brat.png,brat,BROTHER
709,https://www.cryptocompare.com/media/14761903/dtr.png,dtr,Dynamic Trading Rights
710,https://www.cryptocompare.com/media/14761909/tkr.png,tkr,CryptoInsight
711,https://www.cryptocompare.com/media/14761914/elite.png,elite,Ethereum Lite
712,https://www.cryptocompare.com/media/14761915/xios.png,xios,Xios
713,https://www.cryptocompare.com/media/14761916/dovu.png,dovu,Dovu
714,https://www.cryptocompare.com/media/14761938/xnn.png,xnn,Xenon
715,https://www.cryptocompare.com/media/14761939/btdx.png,btdx,Bitcloud
716,https://www.cryptocompare.com/media/19633/btc.png,btc,Bitcoin
717,https://www.cryptocompare.com/media/14913430/atm.png,atm,ATMChain
718,https://www.cryptocompare.com/media/14913431/ebst.png,ebst,eBoost
719,https://www.cryptocompare.com/media/14913432/kek.png,kek,KekCoin
720,https://www.cryptocompare.com/media/14913436/altcom.png,altcom,AltCommunity Coin
721,https://www.cryptocompare.com/media/30002338/data.png,data,Streamr DATAcoin
722,https://www.cryptocompare.com/media/14913439/ugt.png,ugt,UG Token
723,https://www.cryptocompare.com/media/14913441/play.png,play,HEROcoin
724,https://www.cryptocompare.com/media/14913451/pure.png,pure,Pure
725,https://www.cryptocompare.com/media/14913452/cld.png,cld,Cloud
726,https://www.cryptocompare.com/media/14913453/otn.png,otn,Open Trading Network
727,https://www.cryptocompare.com/media/14913455/pos.png,pos,PoSToken
728,https://www.cryptocompare.com/media/14913457/neog.png,neog,NEO GOLD
729,https://www.cryptocompare.com/media/14913459/exn.png,exn,ExchangeN
730,https://www.cryptocompare.com/media/14913462/trct.png,trct,Tracto
731,https://www.cryptocompare.com/media/14913456/ukg.png,ukg,Unikoin Gold
732,https://www.cryptocompare.com/media/14913463/btcred.png,btcred,Bitcoin Red
733,https://www.cryptocompare.com/media/14913487/dutch.png,dutch,Dutch Coin
734,https://www.cryptocompare.com/media/14913488/tio.png,tio,Trade Token
735,https://www.cryptocompare.com/media/14913533/pura.png,pura,Pura
736,https://www.cryptocompare.com/media/14913536/inn.png,inn,Innova
737,https://www.cryptocompare.com/media/14913539/bdl.png,bdl,Bitdeal
738,https://www.cryptocompare.com/media/14913541/xbl.png,xbl,Billionaire Token
739,https://www.cryptocompare.com/media/14913542/zeph.png,zeph,Zephyr
740,https://www.cryptocompare.com/media/14913548/nuls.png,nuls,Nuls
741,https://www.cryptocompare.com/media/14913549/phr.png,phr,Phore
742,https://www.cryptocompare.com/media/14913552/cfd.png,cfd,Confido
743,https://www.cryptocompare.com/media/14913551/sphtx.png,sphtx,SophiaTX
744,https://www.cryptocompare.com/media/14913561/dbet.png,dbet,DecentBet
745,https://www.cryptocompare.com/media/14913685/xgox.png,xgox,XGOX
746,https://www.cryptocompare.com/media/14913564/newb.png,newb,Newbium
747,https://www.cryptocompare.com/media/14913568/life.png,life,LIFE
748,https://www.cryptocompare.com/media/14913585/esc.png,esc,Escroco
749,https://www.cryptocompare.com/media/14913603/ella.png,ella,Ellaism
750,https://www.cryptocompare.com/media/14913604/bpl.png,bpl,Blockpool
751,https://www.cryptocompare.com/media/14913608/drxne.png,drxne,DROXNE
752,https://www.cryptocompare.com/media/14913632/grid.png,grid,Grid+
753,https://www.cryptocompare.com/media/14913633/xptx.png,xptx,PlatinumBAR
754,https://www.cryptocompare.com/media/14913641/astro.png,astro,Astro
755,https://www.cryptocompare.com/media/14913642/gmt.png,gmt,Mercury Protocol
756,https://www.cryptocompare.com/media/14913644/soar.png,soar,Soarcoin
757,https://www.cryptocompare.com/media/14913648/mnx.png,mnx,MinexCoin
758,https://www.cryptocompare.com/media/14913680/viu.png,viu,Viuly
759,https://www.cryptocompare.com/media/15887408/qsp.png,qsp,Quantstamp
760,https://www.cryptocompare.com/media/15887410/bbt.png,bbt,BitBoost
761,https://www.cryptocompare.com/media/15887411/gbx.png,gbx,GoByte
762,https://www.cryptocompare.com/media/16404849/alqo.png,alqo,ALQO
763,https://www.cryptocompare.com/media/16404850/knc.png,knc,KingN Coin
764,https://www.cryptocompare.com/media/16404852/tria.png,tria,Triaconta
765,https://www.cryptocompare.com/media/16404866/pbl.png,pbl,Publica
766,https://www.cryptocompare.com/media/16404855/ufr.png,ufr,Upfiring
767,https://www.cryptocompare.com/media/16404862/flixx.png,flixx,Flixxo
768,https://www.cryptocompare.com/media/16404865/frd.png,frd,Farad
769,https://www.cryptocompare.com/media/30001682/pfr.png,pfr,Payfair
770,https://www.cryptocompare.com/media/16404871/ltg.png,ltg,LiteCoin Gold
771,https://www.cryptocompare.com/media/16404890/spank.png,spank,SpankChain
772,https://www.cryptocompare.com/media/16404893/aerm.png,aerm,Aerium
773,https://www.cryptocompare.com/media/16404895/plx.png,plx,PlexCoin
774,https://www.cryptocompare.com/media/16404894/nio.png,nio,Autonio
775,https://www.cryptocompare.com/media/16746442/vot.png,vot,VoteCoin
776,https://www.cryptocompare.com/media/16746443/uqc.png,uqc,Uquid Coin
777,https://www.cryptocompare.com/media/16746444/lend.png,lend,ETHLend
778,https://www.cryptocompare.com/media/16746453/xsh.png,xsh,SHIELD
779,https://www.cryptocompare.com/media/16746454/bcd.png,bcd,Bitcoin Diamond
780,https://www.cryptocompare.com/media/16746477/bco.png,bco,BridgeCoin
781,https://www.cryptocompare.com/media/16746481/dsr.png,dsr,Desire
782,https://www.cryptocompare.com/media/16746482/bdg.png,bdg,BitDegree
783,https://www.cryptocompare.com/media/34478253/ong.png,ong,onG.social
784,https://www.cryptocompare.com/media/16746488/prl.png,prl,Oyster
785,https://www.cryptocompare.com/media/16746489/btcm.png,btcm,BTCMoon
786,https://www.cryptocompare.com/media/16746536/zcg.png,zcg,Zlancer
787,https://www.cryptocompare.com/media/16746537/mut.png,mut,Mutual Coin
788,https://www.cryptocompare.com/media/16746544/rhoc.png,rhoc,RChain
789,https://www.cryptocompare.com/media/16746556/eltcoin.png,eltcoin,ELTCOIN
790,https://www.cryptocompare.com/media/16746557/grx.png,grx,GOLD Reward Token
791,https://www.cryptocompare.com/media/16746561/ero.png,ero,Eroscoin
792,https://www.cryptocompare.com/media/16746592/nro.png,nro,Neuro
793,https://www.cryptocompare.com/media/16746577/send.png,send,Social Send
794,https://www.cryptocompare.com/media/16746578/glt.png,glt,GlobalToken
795,https://www.cryptocompare.com/media/16746586/coal.png,coal,BitCoal
796,https://www.cryptocompare.com/media/16746587/daxx.png,daxx,DaxxCoin
797,https://www.cryptocompare.com/media/16746590/bwk.png,bwk,Bulwark
798,https://www.cryptocompare.com/media/16746604/fyp.png,fyp,FlypMe
799,https://www.cryptocompare.com/media/16746609/ngc.png,ngc,NAGA
800,https://www.cryptocompare.com/media/16746616/egas.png,egas,ETHGAS
801,https://www.cryptocompare.com/media/16746648/pcn.png,pcn,PeepCoin
802,https://www.cryptocompare.com/media/16746661/cred.png,cred,Verify
803,https://www.cryptocompare.com/media/16746666/sbtc.png,sbtc,Super Bitcoin
804,https://www.cryptocompare.com/media/16746672/tnb.png,tnb,Time New Bank
805,https://www.cryptocompare.com/media/16746673/chips.png,chips,CHIPS
806,https://www.cryptocompare.com/media/16746674/hkn.png,hkn,Hacken
807,https://www.cryptocompare.com/media/16746704/ltcu.png,ltcu,LiteCoin Ultra
808,https://www.cryptocompare.com/media/16746705/btca.png,btca,Bitair
809,https://www.cryptocompare.com/media/16746740/stak.png,stak,STRAKS
810,https://www.cryptocompare.com/media/20780588/bnty.png,bnty,Bounty0x
811,https://www.cryptocompare.com/media/20780589/brd.png,brd,Bread
812,https://www.cryptocompare.com/media/34478229/hat.png,hat,Hawala.Today
813,https://www.cryptocompare.com/media/20780608/dbc.png,dbc,DeepBrain Chain
814,https://www.cryptocompare.com/media/20780610/pop.png,pop,PopularCoin
815,https://www.cryptocompare.com/media/20780611/crc.png,crc,CrowdCoin
816,https://www.cryptocompare.com/media/20780612/pnx.png,pnx,Phantomx
817,https://www.cryptocompare.com/media/20780613/bas.png,bas,BitAsean
818,https://www.cryptocompare.com/media/20780614/utt.png,utt,United Traders Token
819,https://www.cryptocompare.com/media/20780615/hbc.png,hbc,HomeBlockCoin
820,https://www.cryptocompare.com/media/20780616/amm.png,amm,MicroMoney
821,https://www.cryptocompare.com/media/20780624/dav.png,dav,DavorCoin
822,https://www.cryptocompare.com/media/20780625/xcpo.png,xcpo,Copico
823,https://www.cryptocompare.com/media/20780626/get.png,get,GUTS Tickets
824,https://www.cryptocompare.com/media/20780628/itc.png,itc,IoT Chain
825,https://www.cryptocompare.com/media/20780637/nms.png,nms,Numus
826,https://www.cryptocompare.com/media/20780639/pho.png,pho,Photon
827,https://www.cryptocompare.com/media/20780649/ntwk.png,ntwk,Network Token
828,https://www.cryptocompare.com/media/20780651/smart.png,smart,SmartBillions
829,https://www.cryptocompare.com/media/20780652/gnx.png,gnx,Genaro Network
830,https://www.cryptocompare.com/media/20780659/tok.png,tok,Tokugawa
831,https://www.cryptocompare.com/media/30002339/xft.jpg,xft,Footy Cash
832,https://www.cryptocompare.com/media/20780665/qlc.png,qlc,QLINK
833,https://www.cryptocompare.com/media/19872/q2c.jpg,q2c,QubitCoin
834,https://www.cryptocompare.com/media/20780669/spf.png,spf,SportyFi
835,https://www.cryptocompare.com/media/20780703/gun.png,gun,Guncoin
836,https://www.cryptocompare.com/media/20780715/dfs.png,dfs,DFSCoin
837,https://www.cryptocompare.com/media/20780731/polis.png,polis,Polis
838,https://www.cryptocompare.com/media/20780740/cl.png,cl,Coinlancer
839,https://www.cryptocompare.com/media/20780745/saga.png,saga,SagaCoin
840,https://www.cryptocompare.com/media/20780749/tsl.png,tsl,Energo
841,https://www.cryptocompare.com/media/20780751/irl.png,irl,IrishCoin
842,https://www.cryptocompare.com/media/20780762/troll.png,troll,Trollcoin
843,https://www.cryptocompare.com/media/20780764/for.png,for,FORCE
844,https://www.cryptocompare.com/media/20780772/jet.png,jet,Jetcoin
845,https://www.cryptocompare.com/media/20780774/lcp.png,lcp,Litecoin Plus
846,https://www.cryptocompare.com/media/20780776/gtc.png,gtc,Game
847,https://www.cryptocompare.com/media/20780777/ieth.png,ieth,iEthereum
848,https://www.cryptocompare.com/media/20780780/sdrn.png,sdrn,Senderon
849,https://www.cryptocompare.com/media/20780781/ink.png,ink,Ink
850,https://www.cryptocompare.com/media/20780783/hpb.png,hpb,High Performance Blockchain
851,https://www.cryptocompare.com/media/20780785/monk.png,monk,Monkey Project
852,https://www.cryptocompare.com/media/25792575/zap.png,zap,Zap
853,https://www.cryptocompare.com/media/25792577/aidoc.png,aidoc,AI Doctor
854,https://www.cryptocompare.com/media/25792592/lct.png,lct,LendConnect
855,https://www.cryptocompare.com/media/25792600/stn.png,stn,Steneum Coin
856,https://www.cryptocompare.com/media/25792606/pcoin.png,pcoin,Pioneer Coin
857,https://www.cryptocompare.com/media/25792607/bln.png,bln,Bolenum
858,https://www.cryptocompare.com/media/25792662/itz.png,itz,Interzone
859,https://www.cryptocompare.com/media/20780642/exrn.png,exrn,EXRNchain
860,https://www.cryptocompare.com/media/27010460/tct.png,tct,TokenClub
861,https://www.cryptocompare.com/media/27010462/mot.png,mot,Olympus Labs
862,https://www.cryptocompare.com/media/27010466/qun.png,qun,QunQun
863,https://www.cryptocompare.com/media/27010472/swftc.png,swftc,SwftCoin
864,https://www.cryptocompare.com/media/27010474/opc.png,opc,OP Coin
865,https://www.cryptocompare.com/media/27010477/sha.png,sha,SHACoin
866,https://www.cryptocompare.com/media/27010479/pylnt.png,pylnt,Pylon Network
867,https://www.cryptocompare.com/media/27010511/sxdt.png,sxdt,Spectre.ai Dividend Token
868,https://www.cryptocompare.com/media/27010515/val.png,val,Valorbit
869,https://www.cryptocompare.com/media/27010560/vc.png,vc,VirtualCoin
870,https://www.cryptocompare.com/media/27010572/xto.png,xto,Tao
871,https://www.cryptocompare.com/media/27010587/sisa.png,sisa,SISA
872,https://www.cryptocompare.com/media/27010761/b2x.jpg,b2x,SegWit2x
873,https://www.cryptocompare.com/media/27010778/dai.jpg,dai,Dai
874,https://www.cryptocompare.com/media/27010779/cefs.png,cefs,CryptopiaFeeShares
875,https://www.cryptocompare.com/media/27010781/bun.png,bun,BunnyCoin
876,https://www.cryptocompare.com/media/27010783/bsr.png,bsr,BitSoar
877,https://www.cryptocompare.com/media/27010785/skull.jpg,skull,Pirate Blocks
878,https://www.cryptocompare.com/media/27010784/trdt.png,trdt,Trident Group
879,https://www.cryptocompare.com/media/27010793/skc.jpg,skc,Skeincoin
880,https://www.cryptocompare.com/media/27010812/krm.png,krm,Karma
881,https://www.cryptocompare.com/media/27010815/sss.png,sss,Sharechain
882,https://www.cryptocompare.com/media/27010816/crdnc.png,crdnc,Credence Coin
883,https://www.cryptocompare.com/media/27010825/show.jpg,show,Show
884,https://www.cryptocompare.com/media/27010831/alt.jpg,alt,Altcoin
885,https://www.cryptocompare.com/media/27010834/fdx.jpg,fdx,FidentiaX
886,https://www.cryptocompare.com/media/27010840/vulc.jpg,vulc,Vulcano
887,https://www.cryptocompare.com/media/27010854/unrc.png,unrc,UniversalRoyalCoin
888,https://www.cryptocompare.com/media/27010855/bbp.png,bbp,BiblePay
889,https://www.cryptocompare.com/media/27010925/lot.png,lot,LottoCoin
890,https://www.cryptocompare.com/media/27010926/funk.png,funk,The Cypherfunks
891,https://www.cryptocompare.com/media/30001705/bit.png,bit,First Bitcoin
892,https://www.cryptocompare.com/media/30001881/hmc.jpg,hmc,HarmonyCoin
893,https://www.cryptocompare.com/media/30001930/adk.jpg,adk,Aidos Kuneen
894,https://www.cryptocompare.com/media/30002084/bria.jpg,bria,BriaCoin
895,https://www.cryptocompare.com/media/30002209/abj.png,abj,Abjcoin
896,https://www.cryptocompare.com/media/30002219/ani.png,ani,Animecoin
897,https://www.cryptocompare.com/media/30002340/tips.jpg,tips,FedoraCoin
898,https://www.cryptocompare.com/media/33187928/bitgold.png,bitgold,bitGold
899,https://www.cryptocompare.com/media/33434283/plc.jpg,plc,PlusCoin
900,https://www.cryptocompare.com/media/33842903/roc.jpg,roc,Rasputin Online Coin
901,https://www.cryptocompare.com/media/33957376/hero.jpg,hero,Sovereign Hero
902,https://www.cryptocompare.com/media/34077434/oct.jpg,oct,OracleChain
903,https://www.cryptocompare.com/media/34477716/xstc.png,xstc,Safe Trade Coin
904,https://www.cryptocompare.com/media/34477741/xin.jpg,xin,Infinity Economics
905,https://www.cryptocompare.com/media/34477773/cco.png,cco,Ccore
906,https://www.cryptocompare.com/media/34477791/emv.jpg,emv,Ethereum Movie Venture
907,https://www.cryptocompare.com/media/34478144/tcoin.png,tcoin,T-coin
908,https://www.cryptocompare.com/media/34478226/eot.png,eot,EOT Token
909,https://www.cryptocompare.com/media/14913482/rdn.png,rdn,Raiden Network Token
910,https://www.cryptocompare.com/media/351086/bsd.png,bsd,BitSend
911,https://www.cryptocompare.com/media/9350748/blx.png,blx,Blockchain Index
912,https://www.cryptocompare.com/media/19608/aur.png,aur,Auroracoin
913,https://www.cryptocompare.com/media/27010772/iqt.png,iqt,iQuant
914,https://www.cryptocompare.com/media/351510/zyd.png,zyd,Zayedcoin
915,https://www.cryptocompare.com/media/1383328/mne.png,mne,Minereum
916,https://www.cryptocompare.com/media/1383852/rkc.png,rkc,Royal Kingdom Coin
917,https://www.cryptocompare.com/media/16404851/ethos.png,ethos,Ethos
918,https://www.cryptocompare.com/media/1383046/ett.png,ett,EncryptoTel
919,https://www.cryptocompare.com/media/20780766/sgr.png,sgr,Sugar Exchange
920,https://www.cryptocompare.com/media/34478520/xdn.png,xdn,DigitalNote
921,https://www.cryptocompare.com/media/1383850/evx.png,evx,Everex
922,https://www.cryptocompare.com/media/352108/bip.png,bip,BipCoin
923,https://www.cryptocompare.com/media/34835716/divx.png,divx,Divi
924,https://www.cryptocompare.com/media/350940/tagr.png,tagr,TAGRcoin
925,https://www.cryptocompare.com/media/19945/vtc.png,vtc,Vertcoin
926,https://www.cryptocompare.com/media/14913647/hold.png,hold,Interstellar Holdings
927,https://www.cryptocompare.com/media/1382860/dbix.png,dbix,DubaiCoin
928,https://www.cryptocompare.com/media/20393/prc.png,prc,PRCoin
929,https://www.cryptocompare.com/media/14913634/gvt.png,gvt,Genesis Vision
930,https://www.cryptocompare.com/media/1382798/mgo.png,mgo,MobileGo
931,https://www.cryptocompare.com/media/34477776/xrp.png,xrp,Ripple
932,https://www.cryptocompare.com/media/14913556/srn.png,srn,SIRIN LABS Token
933,https://www.cryptocompare.com/media/1383828/poe.png,poe,Po.et
934,https://www.cryptocompare.com/media/20705/bts.png,bts,BitShares
935,https://www.cryptocompare.com/media/12318340/mda.png,mda,Moeda Loyalty Points
936,https://www.cryptocompare.com/media/12318032/xvg.png,xvg,Verge
937,https://www.cryptocompare.com/media/12317959/wtc.png,wtc,Walton
938,https://www.cryptocompare.com/media/1383672/usdt.png,usdt,Tether
939,https://www.cryptocompare.com/media/15887431/qash.png,qash,QASH
940,https://www.cryptocompare.com/media/12318362/mod.png,mod,Modum
941,https://www.cryptocompare.com/media/12318301/powr.png,powr,Power Ledger
942,https://www.cryptocompare.com/media/19969/xmr.png,xmr,Monero
943,https://www.cryptocompare.com/media/1383738/fun.png,fun,FunFair
944,https://www.cryptocompare.com/media/12318261/arn.png,arn,Aeron
945,https://www.cryptocompare.com/media/34477805/trx.jpg,trx,TRON
946,https://www.cryptocompare.com/media/20780653/nas.png,nas,Nebulas
947,https://www.cryptocompare.com/media/16746476/bcpt.png,bcpt,BlockMason Credit Protocol
948,https://www.cryptocompare.com/media/34478435/mco.png,mco,Monaco
949,https://www.cryptocompare.com/media/351408/kmd.png,kmd,Komodo
950,https://www.cryptocompare.com/media/1383799/zrx.png,zrx,0x
951,https://www.cryptocompare.com/media/1383611/cvc.png,cvc,Civic
952,https://www.cryptocompare.com/media/20490/xem.png,xem,NEM
953,https://www.cryptocompare.com/media/1383549/bnt.jpg,bnt,Bancor
954,https://www.cryptocompare.com/media/20780600/elf.png,elf,aelf
955,https://www.cryptocompare.com/media/351360/zec.png,zec,Zcash
956,https://www.cryptocompare.com/media/27010664/bix.png,bix,Bibox Token
957,https://www.cryptocompare.com/media/19684/doge.png,doge,Dogecoin
958,https://www.cryptocompare.com/media/20780746/gxs.png,gxs,GXShares
959,https://www.cryptocompare.com/media/27011062/btg.png,btg,Bitcoin Gold
960,https://www.cryptocompare.com/media/12318137/hsr.png,hsr,Hshare
961,https://www.cryptocompare.com/media/1382389/pivx.png,pivx,PIVX
962,https://www.cryptocompare.com/media/1383382/qtum.png,qtum,Qtum
963,https://www.cryptocompare.com/media/16746671/gto.png,gto,Gifto
964,https://www.cryptocompare.com/media/12318078/link.png,link,ChainLink
965,https://www.cryptocompare.com/media/1383836/ae.png,ae,Aeternity
966,https://www.cryptocompare.com/media/27011060/lsk.png,lsk,Lisk
967,https://www.cryptocompare.com/media/1383370/bat.png,bat,Basic Attention Token
968,https://www.cryptocompare.com/media/12318192/icx.png,icx,ICON
969,https://www.cryptocompare.com/media/16746538/aion.png,aion,Aion
970,https://www.cryptocompare.com/media/12318418/rlc.png,rlc,iExec RLC
971,https://www.cryptocompare.com/media/30002257/cmt.png,cmt,Comet
972,https://www.cryptocompare.com/media/1382247/pasc.png,pasc,Pascal Coin
973,https://www.cryptocompare.com/media/16746694/itns.png,itns,IntenseCoin
974,https://www.cryptocompare.com/media/30001935/rup.png,rup,Rupee
975,https://www.cryptocompare.com/media/20079/acoin.png,acoin,Acoin
976,https://www.cryptocompare.com/media/20407/rbt.png,rbt,Rimbit
977,https://www.cryptocompare.com/media/351234/cj.png,cj,Cryptojacks
978,https://www.cryptocompare.com/media/351237/dlisk.png,dlisk,DAPPSTER
979,https://www.cryptocompare.com/media/351399/heat.png,heat,HEAT
980,https://www.cryptocompare.com/media/1383858/neo.jpg,neo,NEO
981,https://www.cryptocompare.com/media/19598/anc.png,anc,Anoncoin
982,https://www.cryptocompare.com/media/351552/laz.png,laz,Lazaruscoin
983,https://www.cryptocompare.com/media/351565/lth.png,lth,LAthaan
984,https://www.cryptocompare.com/media/351631/ntc.png,ntc,Natcoin
985,https://www.cryptocompare.com/media/351635/x2.png,x2,X2
986,https://www.cryptocompare.com/media/351730/cf.png,cf,Californium
987,https://www.cryptocompare.com/media/351732/cfc.png,cfc,CoffeeCoin
988,https://www.cryptocompare.com/media/351752/hcc.png,hcc,Happy Creator Coin
989,https://www.cryptocompare.com/media/351761/pec.png,pec,Peacecoin
990,https://www.cryptocompare.com/media/351762/gmx.jpg,gmx,GoldMaxCoin
991,https://www.cryptocompare.com/media/351792/lana.png,lana,LanaCoin
992,https://www.cryptocompare.com/media/351928/nbit.png,nbit,netBit
993,https://www.cryptocompare.com/media/351931/ark.png,ark,Ark
994,https://www.cryptocompare.com/media/351990/cbd.png,cbd,CBD Crystals
995,https://www.cryptocompare.com/media/352004/bash.png,bash,LuckChain
996,https://www.cryptocompare.com/media/352072/drs.png,drs,Digital Rupees
997,https://www.cryptocompare.com/media/352127/trick.png,trick,TrickyCoin
998,https://www.cryptocompare.com/media/352131/plnc.png,plnc,PLNcoin
999,https://www.cryptocompare.com/media/352222/shorty.png,shorty,Shorty
1000,https://www.cryptocompare.com/media/352249/money.png,money,MoneyCoin
1001,https://www.cryptocompare.com/media/352250/bstar.png,bstar,Blackstar
1002,https://www.cryptocompare.com/media/27011026/ccrb.png,ccrb,CryptoCarbon
1003,https://www.cryptocompare.com/media/352296/incnt.png,incnt,Incent
1004,https://www.cryptocompare.com/media/352297/icon.png,icon,Iconic
1005,https://www.cryptocompare.com/media/352310/acn.png,acn,Avoncoin
1006,https://www.cryptocompare.com/media/1382296/mkr.png,mkr,Maker
1007,https://www.cryptocompare.com/media/1382401/kush.png,kush,KushCoin
1008,https://www.cryptocompare.com/media/1382661/aces.png,aces,Aces
1009,https://www.cryptocompare.com/media/1382782/mxt.jpg,mxt,MarteXcoin
1010,https://www.cryptocompare.com/media/1382993/eco.png,eco,EcoCoin
1011,https://www.cryptocompare.com/media/1383159/proc.png,proc,ProCurrency
1012,https://www.cryptocompare.com/media/34478174/kcash.png,kcash,Kcash
1013,https://www.cryptocompare.com/media/12318129/ven.png,ven,VeChain
1014,https://www.cryptocompare.com/media/1383522/qwark.png,qwark,Qwark
1015,https://www.cryptocompare.com/media/1383701/dnt.png,dnt,district0x
1016,https://www.cryptocompare.com/media/1383736/wgr.png,wgr,Wagerr
1017,https://www.cryptocompare.com/media/1383739/func.png,func,FUNCoin
1018,https://www.cryptocompare.com/media/1383748/snc.png,snc,SunContract
1019,https://www.cryptocompare.com/media/1383754/xrl.png,xrl,Rialto
1020,https://www.cryptocompare.com/media/1383893/vib.png,vib,Viberate
1021,https://www.cryptocompare.com/media/1383904/icoo.jpg,icoo,ICO OpenLedger
1022,https://www.cryptocompare.com/media/1383971/grwi.png,grwi,Growers International
1023,https://www.cryptocompare.com/media/33842956/sic.jpg,sic,Swisscoin
1024,https://www.cryptocompare.com/media/1383987/fil.png,fil,Filecoin
1025,https://www.cryptocompare.com/media/1383997/xas.png,xas,Asch
1026,https://www.cryptocompare.com/media/1384018/pgl.png,pgl,Prospectors Gold
1027,https://www.cryptocompare.com/media/1384024/pix.png,pix,Lampix
1028,https://www.cryptocompare.com/media/27010826/stc.jpg,stc,Santa Coin
1029,https://www.cryptocompare.com/media/27010822/can.png,can,CanYaCoin
1030,https://www.cryptocompare.com/media/9350701/bro.png,bro,Bitradio
1031,https://www.cryptocompare.com/media/25792617/cyder.png,cyder,Cyder
1032,https://www.cryptocompare.com/media/12318177/ada.png,ada,Cardano
1033,https://www.cryptocompare.com/media/12318206/flash.png,flash,Flash
1034,https://www.cryptocompare.com/media/20780786/jinn.png,jinn,Jinn
1035,https://www.cryptocompare.com/media/12318323/xcs.png,xcs,CybCSec
1036,https://www.cryptocompare.com/media/20780782/kbr.png,kbr,Kubera Coin
1037,https://www.cryptocompare.com/media/34478506/stex.png,stex,STEX
1038,https://www.cryptocompare.com/media/14913570/rmc.png,rmc,Remicoin
1039,https://www.cryptocompare.com/media/16746629/tgt.png,tgt,Target Coin
1040,https://www.cryptocompare.com/media/20780660/ereal.png,ereal,eREAL
1041,https://www.cryptocompare.com/media/20780661/cpn.png,cpn,CompuCoin
1042,https://www.cryptocompare.com/media/20780741/shnd.png,shnd,StrongHands
1043,https://www.cryptocompare.com/media/34836091/erc20.png,erc20,ERC20
1044,https://www.cryptocompare.com/media/35264177/ins.jpg,ins,INS Ecosystem
